Structure,Residue,Residue_Position,SASA
7KP3,ASP,208,140.83866680193262
7KP3,GLY,209,18.114423240598747
7KP3,VAL,210,98.46378438244068
7KP3,GLY,211,88.95163244678966
7KP3,ASN,212,79.72208561988496
7KP3,ALA,213,70.84663398415168
7KP3,SER,214,11.689903963119463
7KP3,GLY,215,14.517902838027922
7KP3,ASP,216,103.89753330157204
7KP3,TRP,217,131.16334054385416
7KP3,HIS,218,81.79701960298672
7KP3,CYS,219,54.7739820746034
7KP3,ASP,220,99.58956782666928
7KP3,SER,221,24.13890467594052
7KP3,THR,222,70.80576814691378
7KP3,TRP,223,46.45148844501376
7KP3,MET,224,81.04088851675013
7KP3,GLY,225,58.99503853033726
7KP3,ASP,226,70.62618214446398
7KP3,ARG,227,59.898862170404435
7KP3,VAL,228,0.0
7KP3,VAL,229,24.01639512882113
7KP3,THR,230,0.0
7KP3,LYS,231,65.41529780817828
7KP3,SER,232,4.285836096250882
7KP3,THR,233,0.0
7KP3,ARG,234,6.561530416287644
7KP3,THR,235,32.84251119352244
7KP3,TRP,236,0.0
7KP3,VAL,237,36.228846481197486
7KP3,LEU,238,0.0
7KP3,PRO,239,42.13081836941987
7KP3,SER,240,34.66543918032384
7KP3,TYR,241,44.664349481722056
7KP3,ASN,242,24.27168094785184
7KP3,ASN,243,77.98088930755937
7KP3,HIS,244,39.15806747140462
7KP3,GLN,245,91.7992097271153
7KP3,TYR,246,58.2511973545615
7KP3,ARG,247,100.34121271859657
7KP3,GLU,248,103.75797118952896
7KP3,ILE,249,53.13564150575631
7KP3,LYS,250,84.13307020108425
7KP3,SER,251,26.141418665191722
7KP3,GLY,252,23.126206000870546
7KP3,SER,253,75.46516474241773
7KP3,VAL,254,67.62718009823531
7KP3,ASP,255,142.1160760739941
7KP3,GLY,256,77.94257444355617
7KP3,SER,257,13.67452344061582
7KP3,ASN,258,59.81457952269393
7KP3,ALA,259,19.83093920103775
7KP3,ASN,260,69.45431781919254
7KP3,ALA,261,8.571672192501763
7KP3,TYR,262,85.27941222763793
7KP3,PHE,263,4.830512864159665
7KP3,GLY,264,0.0
7KP3,TYR,265,40.34272436196148
7KP3,SER,266,15.42682842456452
7KP3,THR,267,0.0
7KP3,PRO,268,8.044889936347825
7KP3,TRP,269,0.0
7KP3,GLY,270,0.0
7KP3,TYR,271,15.000426336878085
7KP3,PHE,272,7.500213168439043
7KP3,ASP,273,1.0714590240627204
7KP3,PHE,274,11.848202533748545
7KP3,ASN,275,6.609182093657292
7KP3,ARG,276,72.45172393635318
7KP3,PHE,277,0.0
7KP3,HIS,278,31.329394507847457
7KP3,SER,279,0.0
7KP3,HIS,280,16.23018393156989
7KP3,TRP,281,5.629633504267994
7KP3,SER,282,45.82432602039232
7KP3,PRO,283,39.17088516943126
7KP3,ARG,284,149.98842974180678
7KP3,ASP,285,37.77340422614961
7KP3,TRP,286,0.0
7KP3,GLN,287,41.889921044742614
7KP3,ARG,288,102.13946035351137
7KP3,LEU,289,1.2076282160399163
7KP3,ILE,290,0.0
7KP3,ASN,291,17.751016368802095
7KP3,ASN,292,71.08826015832459
7KP3,TYR,293,16.344223744895196
7KP3,TRP,294,19.32205145663866
7KP3,GLY,295,0.0
7KP3,PHE,296,0.0
7KP3,ARG,297,44.199695361885524
7KP3,PRO,298,2.279087240102637
7KP3,ARG,299,80.51958519818406
7KP3,SER,300,30.154916377488213
7KP3,LEU,301,3.4867154561425533
7KP3,ARG,302,103.4389990042247
7KP3,VAL,303,2.4152564320798326
7KP3,LYS,304,59.7175922742923
7KP3,ILE,305,0.0
7KP3,PHE,306,2.4152564320798326
7KP3,ASN,307,40.86187883115251
7KP3,ILE,308,2.142918048125441
7KP3,GLN,309,81.41656016626638
7KP3,VAL,310,3.3948050214691308
7KP3,LYS,311,42.69675743640816
7KP3,GLU,312,57.05966665927858
7KP3,VAL,313,30.05453620902071
7KP3,THR,314,44.93668786567645
7KP3,VAL,315,101.54199226265165
7KP3,GLN,316,71.3904688052293
7KP3,ASP,317,137.94427979106854
7KP3,SER,318,97.01177795706332
7KP3,THR,319,78.8506580832616
7KP3,THR,320,74.81926585921028
7KP3,THR,321,62.097926762434824
7KP3,ILE,322,103.48658784974126
7KP3,ALA,323,41.05935934535716
7KP3,ASN,324,88.05210650547261
7KP3,ASN,325,33.77525005237325
7KP3,LEU,326,80.82341490689801
7KP3,THR,327,85.37979239610544
7KP3,SER,328,3.350546264165357
7KP3,THR,329,23.40193730489081
7KP3,VAL,330,0.0
7KP3,GLN,331,23.859780451854377
7KP3,VAL,332,1.0714590240627204
7KP3,PHE,333,4.830512864159665
7KP3,THR,334,22.5448982626209
7KP3,ASP,335,3.350546264165357
7KP3,ASP,336,77.36126670530653
7KP3,ASP,337,107.45826468063316
7KP3,TYR,338,47.588493658200974
7KP3,GLN,339,103.95290073049891
7KP3,LEU,340,11.123097816558792
7KP3,PRO,341,30.0766655876726
7KP3,TYR,342,40.111251815244984
7KP3,VAL,343,26.159313176946572
7KP3,VAL,344,12.739233608530295
7KP3,GLY,345,19.853068579689637
7KP3,ASN,346,86.88696518847983
7KP3,GLY,347,63.20421976584055
7KP3,THR,348,69.6381638212806
7KP3,GLU,349,124.48513137641218
7KP3,GLY,350,27.728639238379593
7KP3,CYS,351,17.53910966113215
7KP3,LEU,352,2.279087240102637
7KP3,PRO,353,14.491538592478996
7KP3,ALA,354,30.26556327074765
7KP3,PHE,355,47.09750042555673
7KP3,PRO,356,43.47461577743699
7KP3,PRO,357,88.80615157418721
7KP3,GLN,358,67.65267726421186
7KP3,VAL,359,102.84576578026201
7KP3,PHE,360,13.28391037643908
7KP3,THR,361,70.58615825405724
7KP3,LEU,362,0.0
7KP3,PRO,363,21.737307888718494
7KP3,GLN,364,63.82807723499042
7KP3,TYR,365,2.279087240102637
7KP3,GLY,366,29.422183873335545
7KP3,TYR,367,12.076282160399163
7KP3,ALA,368,63.94721899478515
7KP3,THR,369,24.116775297288633
7KP3,LEU,370,74.87294939447483
7KP3,ASN,371,31.09444107647078
7KP3,ARG,372,107.42613247097225
7KP3,ASP,373,120.87495132898357
7KP3,ASN,374,28.034969654845828
7KP3,THR,375,45.88987220951682
7KP3,GLU,376,73.03540671864891
7KP3,ASN,377,57.31843336296947
7KP3,PRO,378,52.72713392982473
7KP3,THR,379,42.91204449777336
7KP3,GLU,380,184.37703177749626
7KP3,ARG,381,189.82224122662797
7KP3,SER,382,28.26644220156232
7KP3,SER,383,35.938613585488255
7KP3,PHE,384,101.24752450004537
7KP3,PHE,385,61.58903901803573
7KP3,CYS,386,48.189869890321766
7KP3,LEU,387,0.0
7KP3,GLU,388,73.74780683514756
7KP3,TYR,389,189.06386076005137
7KP3,PHE,390,41.4499724095339
7KP3,PRO,391,119.40112968421968
7KP3,SER,392,37.90618049806093
7KP3,LYS,393,128.00262187418934
7KP3,MET,394,109.17829922484421
7KP3,LEU,395,8.453397512279414
7KP3,ARG,396,114.73913184999859
7KP3,THR,397,30.06300594281479
7KP3,GLY,398,13.218364187314585
7KP3,ASN,399,58.42652335737304
7KP3,ASN,400,75.6694059640129
7KP3,PHE,401,25.36019253683824
7KP3,GLU,402,79.44806334226824
7KP3,PHE,403,25.36019253683824
7KP3,THR,404,78.84123330530085
7KP3,TYR,405,23.880225936843935
7KP3,ASN,406,114.27432693371466
7KP3,PHE,407,20.766229033123278
7KP3,GLU,408,58.7737447438184
7KP3,GLU,409,170.3561540300075
7KP3,VAL,410,10.640574317708628
7KP3,PRO,411,102.37605997943848
7KP3,PHE,412,50.342476610190865
7KP3,HIS,413,12.34946249118472
7KP3,SER,414,41.484806388876905
7KP3,SER,415,1.2076282160399163
7KP3,PHE,416,35.02121826515757
7KP3,ALA,417,9.66102572831933
7KP3,PRO,418,15.272764720832477
7KP3,SER,419,64.57777433947246
7KP3,GLN,420,57.82911809836641
7KP3,ASN,421,62.27070179201166
7KP3,LEU,422,18.36886711279829
7KP3,PHE,423,77.01586744260025
7KP3,LYS,424,91.32440197982234
7KP3,LEU,425,68.82538353631446
7KP3,ALA,426,41.538489924141444
7KP3,ASN,427,82.57230183803962
7KP3,PRO,428,75.5180063308511
7KP3,LEU,429,153.97805134993598
7KP3,VAL,430,84.51608061103929
7KP3,ASP,431,66.76918601179872
7KP3,GLN,432,35.47566849205526
7KP3,TYR,433,202.4839403284676
7KP3,LEU,434,62.796667234075656
7KP3,TYR,435,117.27515110368239
7KP3,ARG,436,63.11239729576144
7KP3,PHE,437,118.44878728721048
7KP3,VAL,438,60.99067871486241
7KP3,SER,439,41.70441628173344
7KP3,THR,440,72.82522160375315
7KP3,ASN,441,62.27325276524637
7KP3,ASN,442,159.31571779934995
7KP3,THR,443,121.0460675976393
7KP3,GLY,444,43.96560901008123
7KP3,GLY,445,28.869037371632686
7KP3,VAL,446,90.3303769314853
7KP3,GLN,447,71.44827411005537
7KP3,PHE,448,127.74895711696787
7KP3,ASN,449,68.27899774200213
7KP3,LYS,450,78.56303899264017
7KP3,ASN,451,0.0
7KP3,LEU,452,69.51988914105826
7KP3,ALA,453,30.3132149481173
7KP3,GLY,454,32.34209318291743
7KP3,ARG,455,124.46738766110475
7KP3,TYR,456,44.27797128444236
7KP3,ALA,457,95.71403629734783
7KP3,ASN,458,55.182301154975775
7KP3,THR,459,11.123097816558792
7KP3,TYR,460,122.95243628532003
7KP3,LYS,461,59.526055653388234
7KP3,ASN,462,127.66717517700963
7KP3,TRP,463,132.83739473798727
7KP3,PHE,464,85.74160333883405
7KP3,PRO,465,23.74405674486674
7KP3,GLY,466,1.2076282160399163
7KP3,PRO,467,20.39351048070138
7KP3,MET,468,9.138478339062434
7KP3,GLY,469,21.50922826206788
7KP3,ARG,470,112.69575202350947
7KP3,THR,471,0.0
7KP3,GLN,472,93.1183267832458
7KP3,GLY,473,21.745777622512573
7KP3,TRP,474,53.430951215193765
7KP3,ASN,475,42.01158864503084
7KP3,LEU,476,22.808766912781216
7KP3,GLY,477,63.744661666852295
7KP3,SER,478,122.25453776051037
7KP3,GLY,479,26.554161108020352
7KP3,VAL,480,121.33809748434639
7KP3,ASN,481,64.76591804031065
7KP3,ARG,482,197.2229161734307
7KP3,ALA,483,76.42777386421886
7KP3,SER,484,124.58211862481383
7KP3,VAL,485,78.78511189413712
7KP3,SER,486,97.57095631666107
7KP3,ALA,487,60.76863094610668
7KP3,PHE,488,80.22685159472253
7KP3,ALA,489,83.18075293681626
7KP3,THR,490,96.30636474262627
7KP3,THR,491,14.47364408072415
7KP3,ASN,492,40.49763001252469
7KP3,ARG,493,83.33818442787297
7KP3,MET,494,102.47201678544977
7KP3,GLU,495,126.37784041923514
7KP3,LEU,496,113.51705230775215
7KP3,GLU,497,135.5426830038465
7KP3,GLY,498,68.04923422168918
7KP3,ALA,499,3.622884648119749
7KP3,SER,500,29.580482443964627
7KP3,TYR,501,81.40208370731862
7KP3,GLN,502,90.07666190878139
7KP3,VAL,503,38.92067616412876
7KP3,PRO,504,83.40883256346687
7KP3,PRO,505,4.830512864159665
7KP3,GLN,506,12.691581931160648
7KP3,PRO,507,72.04918538646339
7KP3,ASN,508,26.160155123777734
7KP3,GLY,509,1.0935884027146072
7KP3,MET,510,10.872888811256287
7KP3,THR,511,0.0
7KP3,ASN,512,0.0
7KP3,ASN,513,3.214377072188161
7KP3,LEU,514,50.584215881699286
7KP3,GLN,515,136.12906755582435
7KP3,GLY,516,88.20016348405099
7KP3,SER,517,38.244065071139815
7KP3,ASN,518,56.34059379998371
7KP3,THR,519,25.324403513328548
7KP3,TYR,520,38.045742610104
7KP3,ALA,521,0.0
7KP3,LEU,522,59.155888074201044
7KP3,GLU,523,33.79569553736281
7KP3,ASN,524,0.0
7KP3,THR,525,10.714590240627205
7KP3,MET,526,21.242192886512747
7KP3,ILE,527,72.51889118728693
7KP3,PHE,528,31.39833361703782
7KP3,ASN,529,49.45228748224028
7KP3,SER,530,28.811118969471103
7KP3,GLN,531,101.13345955397884
7KP3,PRO,532,123.9414096526701
7KP3,ALA,533,34.63907493477491
7KP3,ASN,534,114.21988941621328
7KP3,PRO,535,117.63093018851613
7KP3,GLY,536,73.35887766463314
7KP3,THR,537,66.1198942085254
7KP3,THR,538,137.08819579296528
7KP3,ALA,539,64.42127275984123
7KP3,THR,540,121.00265078716666
7KP3,TYR,541,92.61793390538202
7KP3,LEU,542,112.30942409171222
7KP3,GLU,543,85.14831984938894
7KP3,GLY,544,74.52564004343516
7KP3,ASN,545,73.76567621416119
7KP3,MET,546,48.677847194018554
7KP3,LEU,547,4.830512864159665
7KP3,ILE,548,42.82436892999698
7KP3,THR,549,3.4867154561425533
7KP3,SER,550,28.759232425204413
7KP3,GLU,551,3.350546264165357
7KP3,SER,552,8.571672192501763
7KP3,GLU,553,53.999353290822455
7KP3,THR,554,1.2076282160399163
7KP3,GLN,555,76.22765441218519
7KP3,PRO,556,30.717487657151842
7KP3,VAL,557,13.28391037643908
7KP3,ASN,558,8.752100141782734
7KP3,ARG,559,34.1088997585551
7KP3,VAL,560,28.412878118331445
7KP3,ALA,561,0.0
7KP3,TYR,562,37.6730240576821
7KP3,ASN,563,60.98134190149595
7KP3,VAL,564,58.49717149296696
7KP3,GLY,565,18.214803409066246
7KP3,GLY,566,20.52967967267858
7KP3,GLN,567,108.95789765063896
7KP3,MET,568,95.28324854631701
7KP3,ALA,569,82.76885244081879
7KP3,THR,570,85.26151771588309
7KP3,ASN,571,65.76675406152067
7KP3,ASN,572,133.63469325435653
7KP3,GLN,573,114.42160479731496
7KP3,SER,574,45.327300929853195
7KP3,SER,575,135.4065138118693
7KP3,THR,576,115.0079265174397
7KP3,THR,577,53.956891524516536
7KP3,ALA,578,79.77492720831833
7KP3,PRO,579,101.79559418802002
7KP3,ALA,580,42.65760062557381
7KP3,THR,581,79.60636191289731
7KP3,GLY,582,19.985002904769793
7KP3,THR,583,91.05791952457423
7KP3,TYR,584,42.91204449777336
7KP3,ASN,585,74.41421403519766
7KP3,LEU,586,112.68214264413412
7KP3,GLN,587,52.40966970899419
7KP3,GLU,588,116.02749899723574
7KP3,ILE,589,81.81482615014727
7KP3,VAL,590,51.65567490576201
7KP3,PRO,591,118.46583985213417
7KP3,GLY,592,25.085303179649138
7KP3,SER,593,24.801856124071655
7KP3,VAL,594,50.72038507367648
7KP3,TRP,595,60.828987224167456
7KP3,MET,596,21.838643101352687
7KP3,GLU,597,48.99444433527671
7KP3,ARG,598,13.649001141898058
7KP3,ASP,599,5.493464312290798
7KP3,VAL,600,2.4152564320798326
7KP3,TYR,601,10.732484752382051
7KP3,LEU,602,4.830512864159665
7KP3,GLN,603,17.1578459766925
7KP3,GLY,604,2.4152564320798326
7KP3,PRO,605,25.224023344861045
7KP3,ILE,606,1.2076282160399163
7KP3,TRP,607,6.973430912285107
7KP3,ALA,608,17.978254048621547
7KP3,LYS,609,51.6394642876695
7KP3,ILE,610,24.815515768929462
7KP3,PRO,611,97.93616017945558
7KP3,GLU,612,151.50392147152786
7KP3,THR,613,103.10360257252744
7KP3,GLY,614,88.81546325481247
7KP3,ALA,615,75.40396651752579
7KP3,HIS,616,122.5967451650806
7KP3,PHE,617,132.39141424488363
7KP3,HIS,618,89.2282936622354
7KP3,PRO,619,59.42822645815544
7KP3,SER,620,32.96078587374479
7KP3,PRO,621,20.30160004602796
7KP3,ALA,622,39.053452436040075
7KP3,MET,623,77.50980120596826
7KP3,GLY,624,2.142918048125441
7KP3,GLY,625,19.33052119043274
7KP3,PHE,626,9.66102572831933
7KP3,GLY,627,19.669247710342795
7KP3,LEU,628,0.0
7KP3,LYS,629,127.80006454625646
7KP3,HIS,630,89.06576022470927
7KP3,PRO,631,0.0
7KP3,PRO,632,3.4867154561425533
7KP3,PRO,633,12.330726032598708
7KP3,MET,634,3.622884648119749
7KP3,MET,635,0.0
7KP3,LEU,636,0.0
7KP3,ILE,637,0.0
7KP3,LYS,638,15.310237638004502
7KP3,ASN,639,5.537723069594572
7KP3,THR,640,22.944936104758412
7KP3,PRO,641,51.22927281807558
7KP3,VAL,642,39.73769131599193
7KP3,PRO,643,70.82366265866862
7KP3,GLY,644,18.232697920821096
7KP3,ASN,645,141.36553702268088
7KP3,ILE,646,79.67190810202182
7KP3,THR,647,115.21471871226959
7KP3,SER,648,82.05137551059195
7KP3,PHE,649,184.36792115880087
7KP3,SER,650,64.66205698718298
7KP3,ASP,651,136.10345729251227
7KP3,VAL,652,102.63050385163804
7KP3,PRO,653,109.60393476392315
7KP3,VAL,654,71.23301218143138
7KP3,SER,655,91.91919343374119
7KP3,SER,656,57.447841847556134
7KP3,PHE,657,51.16372662895108
7KP3,ILE,658,56.62235696189887
7KP3,THR,659,75.09160424316465
7KP3,GLN,660,8.752100141782734
7KP3,TYR,661,58.59331679453742
7KP3,SER,662,0.0
7KP3,THR,663,24.933790449151807
7KP3,GLY,664,0.0
7KP3,GLN,665,27.710744726624746
7KP3,VAL,666,2.4152564320798326
7KP3,THR,667,16.90679502455883
7KP3,VAL,668,2.279087240102637
7KP3,GLU,669,53.727014906868064
7KP3,MET,670,0.0
7KP3,GLU,671,53.068298325633975
7KP3,TRP,672,0.0
7KP3,GLU,673,25.71501657750529
7KP3,LEU,674,7.636382360416238
7KP3,LYS,675,65.52765372784125
7KP3,LYS,676,128.32855582881396
7KP3,GLU,677,66.70279787584305
7KP3,ASN,678,123.32089483810367
7KP3,SER,679,36.996412964693164
7KP3,LYS,680,185.7755305967977
7KP3,ARG,681,92.3107364093434
7KP3,TRP,682,244.9978319396957
7KP3,ASN,683,89.85461414002569
7KP3,PRO,684,117.12204244411703
7KP3,GLU,685,51.19432574139705
7KP3,ILE,686,115.70422911318136
7KP3,GLN,687,76.69068747021248
7KP3,TYR,688,28.43840041704921
7KP3,THR,689,73.61587251006739
7KP3,ASN,690,106.62692386626964
7KP3,ASN,691,96.8679809781232
7KP3,TYR,692,79.39956971806743
7KP3,ASN,693,139.9417797984446
7KP3,ASP,694,113.44112629650019
7KP3,PRO,695,82.33737353940415
7KP3,GLN,696,149.9244166498972
7KP3,PHE,697,89.36872285385085
7KP3,VAL,698,95.90388902458957
7KP3,ASP,699,9.731648731172031
7KP3,PHE,700,39.27126533789876
7KP3,ALA,701,16.770625832581633
7KP3,PRO,702,67.31905269077123
7KP3,ASP,703,43.96560901008123
7KP3,SER,704,121.29711854977296
7KP3,THR,705,105.65502819658445
7KP3,GLY,706,37.695153436333996
7KP3,GLU,707,97.42028553299491
7KP3,TYR,708,42.52990116739069
7KP3,ARG,709,66.00423333339084
7KP3,THR,710,22.54066339572386
7KP3,THR,711,58.847760666736974
7KP3,ARG,712,51.94843364196475
7KP3,PRO,713,32.978680385499636
7KP3,ILE,714,4.830512864159665
7KP3,GLY,715,7.017689669588879
7KP3,THR,716,0.0
7KP3,ARG,717,15.133202608789407
7KP3,TYR,718,52.01049894642905
7KP3,LEU,719,3.622884648119749
7KP3,THR,720,26.822264625077704
7KP3,ARG,721,71.74535567774944
7KP3,PRO,722,94.70388859551255
7KP3,LEU,723,110.95863978163354
7WJW,ASP,1,169.2370433285751
7WJW,GLY,2,25.36019253683824
7WJW,VAL,3,96.05276281725789
7WJW,GLY,4,77.44554935301704
7WJW,SER,5,75.76302542508988
7WJW,SER,6,69.37853003801733
7WJW,SER,7,26.804370113322857
7WJW,GLY,8,20.920292736855316
7WJW,ASN,9,128.31402910438376
7WJW,TRP,10,136.95127261875123
7WJW,HIS,11,79.4958029842322
7WJW,CYS,12,52.06193310135364
7WJW,ASP,13,86.04697871113362
7WJW,SER,14,31.793181548111605
7WJW,GLN,15,86.02577924390718
7WJW,TRP,16,76.62006446735978
7WJW,LEU,17,93.90476795540422
7WJW,GLY,18,64.71658246927868
7WJW,ASP,19,59.49281760311325
7WJW,ARG,20,64.8434148478894
7WJW,VAL,21,0.0
7WJW,ILE,22,28.983077184957992
7WJW,THR,23,0.0
7WJW,THR,24,6.428754144376322
7WJW,SER,25,1.2076282160399163
7WJW,THR,26,0.0
7WJW,ARG,27,6.561530416287644
7WJW,THR,28,27.48521607320884
7WJW,TRP,29,0.0
7WJW,ALA,30,26.159313176946572
7WJW,LEU,31,1.2076282160399163
7WJW,PRO,32,41.88060936411737
7WJW,THR,33,42.23966827168146
7WJW,TYR,34,41.08572359090608
7WJW,ASN,35,42.56058824443097
7WJW,ASN,36,83.10247701425943
7WJW,HIS,37,33.071432767004225
7WJW,LEU,38,59.1737825859559
7WJW,TYR,39,53.3509034343803
7WJW,LYS,40,111.0958268496305
7WJW,GLN,41,92.1498868654796
7WJW,ILE,42,48.30512864159665
7WJW,SER,43,6.428754144376322
7WJW,ASN,44,12.191163920555638
7WJW,SER,45,71.56909976351241
7WJW,THR,46,90.75498202817388
7WJW,SER,47,76.79022569184882
7WJW,GLY,48,39.329183740060344
7WJW,GLY,49,77.19194742764867
7WJW,SER,50,71.27886686780317
7WJW,SER,51,75.77752701677885
7WJW,ASN,52,92.71585106520911
7WJW,ASP,53,57.87668181114175
7WJW,ASN,54,112.35270267210808
7WJW,ALA,55,15.136595528855281
7WJW,TYR,56,64.64935238649184
7WJW,PHE,57,14.491538592478996
7WJW,GLY,58,0.0
7WJW,TYR,59,29.083457353425494
7WJW,SER,60,16.634456640604437
7WJW,THR,61,0.0
7WJW,PRO,62,3.350546264165357
7WJW,TRP,63,0.0
7WJW,GLY,64,0.0
7WJW,TYR,65,12.194556840621512
7WJW,PHE,66,2.4152564320798326
7WJW,ASP,67,2.142918048125441
7WJW,PHE,68,1.2076282160399163
7WJW,ASN,69,5.581981826898345
7WJW,ARG,70,49.1442480393705
7WJW,PHE,71,0.0
7WJW,HIS,72,20.302441992859123
7WJW,CYS,73,1.0714590240627204
7WJW,HIS,74,11.922218456667121
7WJW,PHE,75,2.279087240102637
7WJW,SER,76,60.09541277318362
7WJW,PRO,77,32.33362344912335
7WJW,ARG,78,130.4382986585175
7WJW,ASP,79,3.5088448347944396
7WJW,TRP,80,0.0
7WJW,GLN,81,47.67530214640499
7WJW,ARG,82,92.54992470761712
7WJW,LEU,83,0.0
7WJW,ILE,84,0.0
7WJW,ASN,85,18.0012253741046
7WJW,ASN,86,79.13831487299491
7WJW,ASN,87,1.2076282160399163
7WJW,TRP,88,32.46979264110055
7WJW,GLY,89,1.2076282160399163
7WJW,PHE,90,1.2076282160399163
7WJW,ARG,91,38.38963390833656
7WJW,PRO,92,0.0
7WJW,LYS,93,32.854461811976705
7WJW,ARG,94,84.1186565739896
7WJW,LEU,95,1.0714590240627204
7WJW,ASN,96,31.51745024409134
7WJW,PHE,97,0.0
7WJW,LYS,98,54.249650260719264
7WJW,LEU,99,1.0714590240627204
7WJW,PHE,100,4.830512864159665
7WJW,ASN,101,41.08062164443666
7WJW,ILE,102,2.142918048125441
7WJW,GLN,103,85.92708296910202
7WJW,VAL,104,0.0
7WJW,LYS,105,49.37232766602112
7WJW,GLU,106,40.715442914383374
7WJW,VAL,107,32.99657489725448
7WJW,THR,108,35.938613585488255
7WJW,ASP,109,103.73160694398004
7WJW,ASN,110,160.92158686652954
7WJW,ASN,111,90.02138244444883
7WJW,GLY,112,80.69655739554607
7WJW,VAL,113,113.72384450258204
7WJW,LYS,114,106.20486974281576
7WJW,THR,115,61.298806122326496
7WJW,ILE,116,81.76717447277761
7WJW,ALA,117,44.6822439934769
7WJW,ASN,118,89.71589397481377
7WJW,ASN,119,20.667532758318103
7WJW,LEU,120,87.84110457648688
7WJW,THR,121,92.25284313992304
7WJW,SER,122,5.76580269624519
7WJW,THR,123,23.085340163632644
7WJW,VAL,124,0.0
7WJW,GLN,125,15.155331987441294
7WJW,VAL,126,1.0714590240627204
7WJW,PHE,127,9.66102572831933
7WJW,THR,128,36.88237315136786
7WJW,ASP,129,5.629633504267994
7WJW,SER,130,71.09081113155929
7WJW,ASP,131,110.15009436356445
7WJW,TYR,132,40.478893553938676
7WJW,GLN,133,100.63559251660854
7WJW,LEU,134,8.707841384478959
7WJW,PRO,135,33.81359004911766
7WJW,TYR,136,52.169639463889304
7WJW,VAL,137,24.01639512882113
7WJW,LEU,138,8.866139955108043
7WJW,GLY,139,21.745777622512573
7WJW,SER,140,64.85011272342686
7WJW,ALA,141,43.03031917799571
7WJW,HIS,142,83.09740020053123
7WJW,GLU,143,159.36922540542588
7WJW,GLY,144,24.767864091559808
7WJW,CYS,145,16.29245029796404
7WJW,LEU,146,2.4152564320798326
7WJW,PRO,147,13.28391037643908
7WJW,PRO,148,40.76912644964792
7WJW,PHE,149,78.38179422926926
7WJW,PRO,150,40.92319015337996
7WJW,ALA,151,88.01550066787297
7WJW,ASP,152,53.35429635444617
7WJW,VAL,153,104.00913523899816
7WJW,PHE,154,16.90679502455883
7WJW,MET,155,123.05431185189066
7WJW,ILE,156,1.0714590240627204
7WJW,PRO,157,18.114423240598747
7WJW,GLN,158,72.18863440117094
7WJW,TYR,159,0.0
7WJW,GLY,160,32.205923990940235
7WJW,TYR,161,3.622884648119749
7WJW,LEU,162,86.04877570213145
7WJW,THR,163,25.342298025083394
7WJW,LEU,164,85.39948389885814
7WJW,ASN,165,17.36803109158827
7WJW,ASP,166,97.92917327739399
7WJW,GLY,167,32.90127154251518
7WJW,SER,168,44.29067588513348
7WJW,GLN,169,128.86209879235844
7WJW,ALA,170,45.516198612928235
7WJW,VAL,171,63.868126258138375
7WJW,GLY,172,89.22397083074405
7WJW,ARG,173,180.230154607499
7WJW,SER,174,10.8507594326044
7WJW,SER,175,55.94574586890993
7WJW,PHE,176,112.16043720170839
7WJW,TYR,177,77.21662777953526
7WJW,CYS,178,46.573696399238415
7WJW,LEU,179,0.0
7WJW,GLU,180,94.51403586827082
7WJW,TYR,181,201.96139293921073
7WJW,PHE,182,33.13274408923168
7WJW,PRO,183,114.96122988423676
7WJW,SER,184,48.41821341075528
7WJW,GLN,185,83.38160123834558
7WJW,MET,186,112.03479862830602
7WJW,LEU,187,0.0
7WJW,ARG,188,124.92354691440597
7WJW,THR,189,31.424697862586754
7WJW,GLY,190,14.562161595331695
7WJW,ASN,191,69.89597548080481
7WJW,ASN,192,71.54186843839112
7WJW,PHE,193,10.732484752382051
7WJW,GLN,194,108.41661380279605
7WJW,PHE,195,24.152564320798326
7WJW,SER,196,82.6487807695986
7WJW,TYR,197,32.197454257146155
7WJW,GLU,198,109.43102150426958
7WJW,PHE,199,8.571672192501763
7WJW,GLU,200,75.73666117954096
7WJW,ASN,201,122.33371846175146
7WJW,VAL,202,7.245769296239498
7WJW,PRO,203,90.16360862706213
7WJW,PHE,204,80.8097552620402
7WJW,HIS,205,15.722138134001964
7WJW,SER,206,31.52507803105425
7WJW,SER,207,0.0
7WJW,TYR,208,27.875829137385576
7WJW,ALA,209,19.185882264661466
7WJW,HIS,210,29.967702588075497
7WJW,SER,211,58.966035346959316
7WJW,GLN,212,57.99165153589253
7WJW,SER,213,47.51531968211357
7WJW,LEU,214,21.19263112080971
7WJW,ASP,215,67.03305466195903
7WJW,ARG,216,106.11125028173879
7WJW,LEU,217,80.46679387523311
7WJW,MET,218,47.12394006932935
7WJW,ASN,219,92.0605274040409
7WJW,PRO,220,72.96658070679408
7WJW,LEU,221,143.10939740557671
7WJW,ILE,222,100.35141661153541
7WJW,ASP,223,75.27447006834483
7WJW,GLN,224,43.188617748624786
7WJW,TYR,225,186.43841921307575
7WJW,LEU,226,85.74160333883407
7WJW,TYR,227,151.44780006036413
7WJW,TYR,228,44.782624161944405
7WJW,LEU,229,83.92798703265791
7WJW,SER,230,62.41696177959217
7WJW,LYS,231,95.55750958497538
7WJW,THR,232,35.52671308949079
7WJW,ILE,233,95.95577556885625
7WJW,ASN,234,73.04057149697144
7WJW,GLY,235,44.37411658601282
7WJW,SER,236,115.87767016040073
7WJW,GLY,237,28.578804475923445
7WJW,GLN,238,177.95692329610262
7WJW,ASN,239,136.20824825706543
7WJW,GLN,240,75.07632353649763
7WJW,GLN,241,120.83925027006816
7WJW,THR,242,49.512756857636575
7WJW,LEU,243,112.61659645500961
7WJW,LYS,244,106.26531398547084
7WJW,PHE,245,125.35583006353991
7WJW,SER,246,30.989826041106237
7WJW,VAL,247,66.97269838389826
7WJW,ALA,248,0.0
7WJW,GLY,249,7.131729482914189
7WJW,PRO,250,37.01007260955097
7WJW,SER,251,121.59921409934216
7WJW,ASN,252,66.79479627511077
7WJW,MET,253,62.78064511154235
7WJW,ALA,254,65.92336873848743
7WJW,VAL,255,62.79666723407565
7WJW,GLN,256,24.45210889713281
7WJW,GLY,257,39.79041980708978
7WJW,ARG,258,80.71529385413206
7WJW,ASN,259,144.23947854855544
7WJW,TYR,260,127.55910438972612
7WJW,ILE,261,59.1737825859559
7WJW,PRO,262,45.889872209516824
7WJW,GLY,263,0.0
7WJW,PRO,264,22.944936104758412
7WJW,SER,265,5.493464312290798
7WJW,TYR,266,67.43732737099357
7WJW,ARG,267,71.66278205644248
7WJW,GLN,268,7.794680931045321
7WJW,GLN,269,73.74015391544341
7WJW,ARG,270,102.53770120465101
7WJW,VAL,271,20.529679672678576
7WJW,SER,272,6.564923336353519
7WJW,THR,273,71.72316346724446
7WJW,THR,274,58.84776066673697
7WJW,VAL,275,119.2913247377914
7WJW,THR,276,118.51253648533711
7WJW,GLN,277,97.97607097252678
7WJW,ASN,278,38.65002167383669
7WJW,ASN,279,100.24582139926295
7WJW,ASN,280,146.3960562415387
7WJW,SER,281,59.160122941098095
7WJW,GLU,282,126.73446145090001
7WJW,PHE,283,45.77583239619152
7WJW,ALA,284,60.930322436801646
7WJW,TRP,285,118.89476778031406
7WJW,PRO,286,94.53193038002567
7WJW,GLY,287,35.121598433625074
7WJW,ALA,288,23.18148546520311
7WJW,SER,289,17.886343613948128
7WJW,SER,290,39.68824264762443
7WJW,TRP,291,99.6629428646865
7WJW,ALA,292,74.68393861406423
7WJW,LEU,293,97.81788549923323
7WJW,ASN,294,121.53883268854017
7WJW,GLY,295,64.33783205896188
7WJW,ARG,296,63.65875795733255
7WJW,ASN,297,68.72582018193691
7WJW,SER,298,37.02796712130582
7WJW,LEU,299,58.5856890075745
7WJW,MET,300,25.89647496917664
7WJW,ASN,301,85.25047187611308
7WJW,PRO,302,4.422005288228077
7WJW,GLY,303,1.2076282160399163
7WJW,PRO,304,43.202277393482596
7WJW,ALA,305,10.048245872430197
7WJW,MET,306,10.697650773039049
7WJW,ALA,307,0.0
7WJW,SER,308,2.142918048125441
7WJW,HIS,309,12.485631683161916
7WJW,LYS,310,61.13287976473449
7WJW,GLU,311,140.4590744447847
7WJW,GLY,312,83.61646670512795
7WJW,GLU,313,51.70237153896497
7WJW,ASP,314,98.00922105820746
7WJW,ARG,315,91.02230643025315
7WJW,PHE,316,32.06128506516896
7WJW,PHE,317,32.60596183307774
7WJW,PRO,318,0.0
7WJW,LEU,319,34.050139409562355
7WJW,SER,320,8.181059128325023
7WJW,GLY,321,3.214377072188161
7WJW,SER,322,2.142918048125441
7WJW,LEU,323,28.98307718495799
7WJW,ILE,324,83.93222189955495
7WJW,PHE,325,25.36019253683824
7WJW,GLY,326,50.98414062650127
7WJW,LYS,327,76.60394181386158
7WJW,GLN,328,114.90836316306216
7WJW,GLY,329,69.14621554446967
7WJW,THR,330,45.47193985562446
7WJW,GLY,331,50.83950170073
7WJW,ARG,332,213.98159138755804
7WJW,ASP,333,104.87284702406428
7WJW,ASN,334,157.0187360474925
7WJW,VAL,335,48.33996262093966
7WJW,ASP,336,94.46458719990333
7WJW,ALA,337,75.30866316278649
7WJW,ASP,338,107.6702467865268
7WJW,LYS,339,85.76202369108239
7WJW,VAL,340,41.17763402557951
7WJW,MET,341,14.491538592478996
7WJW,ILE,342,65.38292683747568
7WJW,THR,343,4.558174480205274
7WJW,ASN,344,49.97567681832834
7WJW,GLU,345,1.2076282160399163
7WJW,GLU,346,64.71394353144967
7WJW,GLU,347,25.732911089260135
7WJW,ILE,348,0.0
7WJW,LYS,349,60.616251136036965
7WJW,THR,350,25.47846721706059
7WJW,THR,351,8.181059128325023
7WJW,ASN,352,2.142918048125441
7WJW,PRO,353,15.699166808518912
7WJW,VAL,354,34.67909882518165
7WJW,ALA,355,3.622884648119749
7WJW,THR,356,2.4152564320798326
7WJW,GLU,357,59.90132517904484
7WJW,SER,358,37.931702796778694
7WJW,TYR,359,56.84101181058871
7WJW,GLY,360,20.39351048070138
7WJW,GLN,361,113.52709283787303
7WJW,VAL,362,71.25006474635506
7WJW,ALA,363,79.98934719011115
7WJW,THR,364,94.78637425222522
7WJW,ASN,365,51.86670196748894
7WJW,HIS,366,150.58586013355463
7WJW,GLN,367,138.47199195864792
7WJW,SER,368,66.87475609132994
7WJW,ALA,369,80.79186075028537
7WJW,GLN,370,160.22719435912126
7WJW,ALA,371,49.262547852334066
7WJW,GLN,372,161.4510080605125
7WJW,ALA,373,55.56360253852727
7WJW,GLN,374,104.8703840154239
7WJW,THR,375,75.53071093154222
7WJW,GLY,376,25.087854152883853
7WJW,TRP,377,156.81884279012985
7WJW,VAL,378,16.90679502455883
7WJW,GLN,379,86.63176733404343
7WJW,ASN,380,94.28169624198195
7WJW,GLN,381,41.592060362070455
7WJW,GLY,382,48.144279097732856
7WJW,ILE,383,71.60149586695624
7WJW,LEU,384,75.26356245865156
7WJW,PRO,385,118.7202837243337
7WJW,GLY,386,36.81946590007238
7WJW,MET,387,12.857508288752644
7WJW,VAL,388,49.51275685763657
7WJW,TRP,389,78.87362940874466
7WJW,GLN,390,9.432946101668712
7WJW,ASP,391,44.422610210213634
7WJW,ARG,392,12.533283360531565
7WJW,ASP,393,0.0
7WJW,VAL,394,3.622884648119749
7WJW,TYR,395,8.453397512279414
7WJW,LEU,396,0.0
7WJW,GLN,397,9.66102572831933
7WJW,GLY,398,0.0
7WJW,PRO,399,7.245769296239498
7WJW,ILE,400,1.0714590240627204
7WJW,TRP,401,3.214377072188161
7WJW,ALA,402,17.84208485664435
7WJW,LYS,403,69.36750933098854
7WJW,ILE,404,15.562997616541717
7WJW,PRO,405,86.94923155487398
7WJW,HIS,406,172.745222145727
7WJW,THR,407,74.31037811481119
7WJW,ASP,408,163.27631109136001
7WJW,GLY,409,73.34014120604712
7WJW,ASN,410,76.87874320645636
7WJW,PHE,411,135.7640898877009
7WJW,HIS,412,86.65389671269533
7WJW,PRO,413,57.5576467939844
7WJW,SER,414,30.199175134791986
7WJW,PRO,415,28.574569609026405
7WJW,LEU,416,80.34089140804785
7WJW,MET,417,54.48890139084605
7WJW,GLY,418,3.350546264165357
7WJW,GLY,419,9.66526059521637
7WJW,PHE,420,3.622884648119749
7WJW,GLY,421,19.374779947736513
7WJW,MET,422,0.0
7WJW,LYS,423,74.64571171465536
7WJW,HIS,424,97.24597740620312
7WJW,PRO,425,0.0
7WJW,PRO,426,1.0714590240627204
7WJW,PRO,427,6.038141080199582
7WJW,GLN,428,2.3012166187545233
7WJW,ILE,429,0.0
7WJW,LEU,430,0.0
7WJW,ILE,431,0.0
7WJW,LYS,432,17.202104733996272
7WJW,ASN,433,0.0
7WJW,THR,434,22.944936104758412
7WJW,PRO,435,44.66434948172206
7WJW,VAL,436,38.64410291327732
7WJW,PRO,437,65.58464221857739
7WJW,ALA,438,49.45907332237203
7WJW,ASP,439,108.5433833495537
7WJW,PRO,440,77.66092437897655
7WJW,PRO,441,83.69906545917613
7WJW,THR,442,160.26544639127135
7WJW,ALA,443,68.03992254106394
7WJW,PHE,444,172.1554698064245
7WJW,ASN,445,101.8227752476589
7WJW,LYS,446,177.50595395386512
7WJW,ASP,447,100.95549461333826
7WJW,LYS,448,135.09348551986562
7WJW,LEU,449,64.94042722903225
7WJW,ASN,450,105.14017142614358
7WJW,SER,451,53.64452925015541
7WJW,PHE,452,53.44281386905372
7WJW,ILE,453,55.8053418100357
7WJW,THR,454,89.9303390893478
7WJW,GLN,455,7.680641117720013
7WJW,TYR,456,69.32580154691948
7WJW,SER,457,0.0
7WJW,THR,458,26.005249473214526
7WJW,GLY,459,1.2076282160399163
7WJW,GLN,460,30.494484844229433
7WJW,VAL,461,1.2076282160399163
7WJW,SER,462,2.279087240102637
7WJW,VAL,463,0.0
7WJW,GLU,464,55.18908699510753
7WJW,ILE,465,0.0
7WJW,GLU,466,22.90914708124872
7WJW,TRP,467,1.2076282160399163
7WJW,GLU,468,33.215229745944335
7WJW,LEU,469,5.493464312290798
7WJW,GLN,470,69.81772469098918
7WJW,LYS,471,93.37966959291262
7WJW,GLU,472,55.87416782189054
7WJW,ASN,473,126.65279260827731
7WJW,SER,474,40.34272436196147
7WJW,LYS,475,188.46312541283191
7WJW,ARG,476,97.55144074309699
7WJW,TRP,477,242.58257550761584
7WJW,ASN,478,82.23018239806369
7WJW,PRO,479,121.93466079652185
7WJW,GLU,480,54.68443411760548
7WJW,ILE,481,104.94961498214741
7WJW,GLN,482,101.47642094078593
7WJW,TYR,483,25.478467217060594
7WJW,THR,484,89.84182157474024
7WJW,SER,485,67.21348261124
7WJW,ASN,486,107.13836258390343
7WJW,TYR,487,235.91199412713675
7WJW,TYR,488,170.85329221788214
7WJW,LYS,489,172.07464291063295
7WJW,SER,490,88.15590472674721
7WJW,ASN,491,154.8391870290262
7WJW,ASN,492,71.2100157232071
7WJW,VAL,493,108.91546101707425
7WJW,GLU,494,67.09944279791469
7WJW,PHE,495,30.3132149481173
7WJW,ALA,496,32.46979264110055
7WJW,VAL,497,64.12680499723496
7WJW,ASN,498,45.59453736733816
7WJW,THR,499,135.19125188324531
7WJW,GLU,500,151.01113124788577
7WJW,GLY,501,41.4141833860242
7WJW,VAL,502,61.589039018035734
7WJW,TYR,503,33.22549647073626
7WJW,SER,504,36.1930574576878
7WJW,GLU,505,27.283500692107143
7WJW,PRO,506,44.664349481722056
7WJW,ARG,507,59.764402004830785
7WJW,PRO,508,28.692844289248754
7WJW,ILE,509,1.2076282160399163
7WJW,GLY,510,4.488393424183738
7WJW,THR,511,0.0
7WJW,ARG,512,4.285836096250882
7WJW,TYR,513,57.77630164267425
7WJW,LEU,514,0.0
7WJW,THR,515,19.985002904769793
7WJW,ARG,516,93.22990358793072
7WJW,ASN,517,98.42034243922683
7WJW,LEU,518,86.45125142016815
